{"cameraMode":{"drawMode":0,"name":"Shaded","section":"Shading Mode"},"sceneLighting":true,"audioPlay":false,"sceneViewState":{"m_AlwaysRefresh":false,"showFog":true,"showSkybox":true,"showFlares":true,"showImageEffects":true,"showParticleSystems":true,"showVisualEffectGraphs":true,"m_FxEnabled":true},"in2DMode":false,"pivot":{"x":-3.1279945373535158,"y":5.482481956481934,"z":-1.082754135131836},"rotation":{"x":-0.0066813211888074879,"y":0.4532569646835327,"z":-0.0034065658692270519,"w":-0.8913851380348206},"size":7.607624530792236,"orthographic":false}